tradingSymbol,percentChange,symbolToken,opnInterest,netChangeOpnInterest,DataType,ExpiryType,Endpoint,ltp,netChange,pcr
HDFCBANK30MAR26FUT,7.68,51893,278880800,19897900.0,PercOIGainers,NEAR,gainersLosers,,,
DIXON30MAR26FUT,5.74,51866,2628150,142650.0,PercOIGainers,NEAR,gainersLosers,,,
COALINDIA30MAR26FUT,4.69,51848,45944550,2057400.0,PercOIGainers,NEAR,gainersLosers,,,
INFY30MAR26FUT,4.33,51929,67701200,2806800.0,PercOIGainers,NEAR,gainersLosers,,,
SOLARINDS30MAR26FUT,4.31,52035,613150,25350.0,PercOIGainers,NEAR,gainersLosers,,,
HINDPETRO30MAR26FUT,4.01,51901,54351000,2097900.0,PercOIGainers,NEAR,gainersLosers,,,
MANAPPURAM30MAR26FUT,4.01,51972,54645000,2106000.0,PercOIGainers,NEAR,gainersLosers,,,
ONGC30MAR26FUT,3.98,51997,119281500,4565250.0,PercOIGainers,NEAR,gainersLosers,,,
VOLTAS30MAR26FUT,3.66,52070,10912875,385500.0,PercOIGainers,NEAR,gainersLosers,,,
POLYCAB30MAR26FUT,3.62,52012,2066875,72125.0,PercOIGainers,NEAR,gainersLosers,,,
JSWSTEEL30MAR26FUT,-0.44,51949,44147025,-194400.0,PercOILosers,NEAR,gainersLosers,,,
AUBANK30MAR26FUT,-0.63,51795,24303000,-155000.0,PercOILosers,NEAR,gainersLosers,,,
MUTHOOTFIN30MAR26FUT,-0.67,51982,3229600,-21725.0,PercOILosers,NEAR,gainersLosers,,,
AMBER30MAR26FUT,-0.74,51736,1173500,-8700.0,PercOILosers,NEAR,gainersLosers,,,
ALKEM30MAR26FUT,-0.78,51735,1236250,-9750.0,PercOILosers,NEAR,gainersLosers,,,
SUNPHARMA30MAR26FUT,-0.8,52038,21040250,-168700.0,PercOILosers,NEAR,gainersLosers,,,
RECLTD30MAR26FUT,-0.84,52021,70669200,-596400.0,PercOILosers,NEAR,gainersLosers,,,
ICICIPRULI30MAR26FUT,-1.11,51912,16085750,-180375.0,PercOILosers,NEAR,gainersLosers,,,
BANDHANBNK30MAR26FUT,-1.38,51820,85939200,-1206000.0,PercOILosers,NEAR,gainersLosers,,,
HAVELLS30MAR26FUT,-1.56,51886,7957000,-126500.0,PercOILosers,NEAR,gainersLosers,,,
ONGC30MAR26FUT,1.17,51997,,,PercPriceGainers,NEAR,gainersLosers,268.7,3.1,
OIL30MAR26FUT,1.0,51996,,,PercPriceGainers,NEAR,gainersLosers,476.35,4.7,
JSWENERGY30MAR26FUT,0.46,51948,,,PercPriceGainers,NEAR,gainersLosers,511.05,2.35,
COALINDIA30MAR26FUT,0.35,51848,,,PercPriceGainers,NEAR,gainersLosers,457.1,1.6,
SAIL30MAR26FUT,0.29,52026,,,PercPriceGainers,NEAR,gainersLosers,154.6,0.45,
NHPC30MAR26FUT,0.22,51987,,,PercPriceGainers,NEAR,gainersLosers,77.44,0.17,
HINDZINC30MAR26FUT,-4.29,51903,,,PercPriceLosers,NEAR,gainersLosers,514.95,-23.1,
PPLPHARMA30MAR26FUT,-4.32,52015,,,PercPriceLosers,NEAR,gainersLosers,137.25,-6.2,
BAJFINANCE30MAR26FUT,-4.39,51819,,,PercPriceLosers,NEAR,gainersLosers,843.35,-38.75,
LT30MAR26FUT,-4.56,51966,,,PercPriceLosers,NEAR,gainersLosers,3442.0,-164.3,
DIXON30MAR26FUT,-4.61,51866,,,PercPriceLosers,NEAR,gainersLosers,10220.0,-494.0,
PETRONET30MAR26FUT,-4.77,52002,,,PercPriceLosers,NEAR,gainersLosers,277.8,-13.9,
NBCC30MAR26FUT,-4.95,51985,,,PercPriceLosers,NEAR,gainersLosers,84.0,-4.37,
HINDPETRO30MAR26FUT,-5.31,51901,,,PercPriceLosers,NEAR,gainersLosers,331.65,-18.6,
PGEL30MAR26FUT,-5.35,52004,,,PercPriceLosers,NEAR,gainersLosers,509.55,-28.8,
VOLTAS30MAR26FUT,-5.41,52070,,,PercPriceLosers,NEAR,gainersLosers,1343.0,-76.8,
MFSL28APR26FUT,65.85,66901,108800,43200.0,PercOIGainers,NEXT,gainersLosers,,,
PNBHOUSING28APR26FUT,57.99,66984,938600,344500.0,PercOIGainers,NEXT,gainersLosers,,,
GRASIM28APR26FUT,50.79,66841,358500,120750.0,PercOIGainers,NEXT,gainersLosers,,,
ABCAPITAL28APR26FUT,47.8,66695,2817900,911400.0,PercOIGainers,NEXT,gainersLosers,,,
MANAPPURAM28APR26FUT,44.37,66891,5193000,1596000.0,PercOIGainers,NEXT,gainersLosers,,,
TRENT28APR26FUT,36.81,67032,593200,159600.0,PercOIGainers,NEXT,gainersLosers,,,
BPCL28APR26FUT,35.13,66733,4019125,1044775.0,PercOIGainers,NEXT,gainersLosers,,,
ICICIPRULI28APR26FUT,34.13,66856,207200,52725.0,PercOIGainers,NEXT,gainersLosers,,,
ADANIENSOL28APR26FUT,33.94,66696,3361500,851850.0,PercOIGainers,NEXT,gainersLosers,,,
INDIGO28APR26FUT,27.42,66862,928500,199800.0,PercOIGainers,NEXT,gainersLosers,,,
TITAN28APR26FUT,-0.05,67028,347200,-175.0,PercOILosers,NEXT,gainersLosers,,,
SAIL28APR26FUT,-0.08,67005,33553300,-28200.0,PercOILosers,NEXT,gainersLosers,,,
SRF28APR26FUT,-0.52,67015,191800,-1000.0,PercOILosers,NEXT,gainersLosers,,,
CAMS28APR26FUT,-2.42,66736,604500,-15000.0,PercOILosers,NEXT,gainersLosers,,,
ONGC28APR26FUT,1.14,66960,,,PercPriceGainers,NEXT,gainersLosers,270.25,3.05,
OIL28APR26FUT,0.55,66959,,,PercPriceGainers,NEXT,gainersLosers,475.75,2.6,
JSWENERGY28APR26FUT,0.43,66873,,,PercPriceGainers,NEXT,gainersLosers,513.5,2.2,
COALINDIA28APR26FUT,0.35,66777,,,PercPriceGainers,NEXT,gainersLosers,459.9,1.6,
NHPC28APR26FUT,0.12,66909,,,PercPriceGainers,NEXT,gainersLosers,77.88,0.09,
BAJFINANCE28APR26FUT,-4.45,66721,,,PercPriceLosers,NEXT,gainersLosers,848.5,-39.55,
BPCL28APR26FUT,-4.46,66733,,,PercPriceLosers,NEXT,gainersLosers,292.5,-13.65,
HINDZINC28APR26FUT,-4.46,66852,,,PercPriceLosers,NEXT,gainersLosers,517.8,-24.2,
LT28APR26FUT,-4.48,66886,,,PercPriceLosers,NEXT,gainersLosers,3464.0,-162.4,
DIXON28APR26FUT,-4.71,66819,,,PercPriceLosers,NEXT,gainersLosers,10204.0,-504.0,
NBCC28APR26FUT,-4.89,66907,,,PercPriceLosers,NEXT,gainersLosers,84.55,-4.35,
PETRONET28APR26FUT,-4.93,66965,,,PercPriceLosers,NEXT,gainersLosers,278.85,-14.45,
HINDPETRO28APR26FUT,-5.4,66850,,,PercPriceLosers,NEXT,gainersLosers,332.85,-19.0,
VOLTAS28APR26FUT,-5.69,67041,,,PercPriceLosers,NEXT,gainersLosers,1322.1,-79.7,
PGEL28APR26FUT,-5.78,66967,,,PercPriceLosers,NEXT,gainersLosers,503.0,-30.85,
PRESTIGE26MAY26FUT,60.0,66352,3600,1350.0,PercOIGainers,FAR,gainersLosers,,,
AUBANK26MAY26FUT,42.35,66089,121000,36000.0,PercOIGainers,FAR,gainersLosers,,,
INDHOTEL26MAY26FUT,39.02,66197,228000,64000.0,PercOIGainers,FAR,gainersLosers,,,
AMBER26MAY26FUT,36.36,66081,7500,2000.0,PercOIGainers,FAR,gainersLosers,,,
NBCC26MAY26FUT,35.92,66302,910000,240500.0,PercOIGainers,FAR,gainersLosers,,,
TATAELXSI26MAY26FUT,29.76,66386,21800,5000.0,PercOIGainers,FAR,gainersLosers,,,
SHREECEM26MAY26FUT,25.68,66364,2325,475.0,PercOIGainers,FAR,gainersLosers,,,
SBICARD26MAY26FUT,22.68,66359,761600,140800.0,PercOIGainers,FAR,gainersLosers,,,
BOSCHLTD26MAY26FUT,22.22,66106,825,150.0,PercOIGainers,FAR,gainersLosers,,,
UPL26MAY26FUT,20.62,66403,158535,27100.0,PercOIGainers,FAR,gainersLosers,,,
HAVELLS26MAY26FUT,-2.78,66177,17500,-500.0,PercOILosers,FAR,gainersLosers,,,
INDIANB26MAY26FUT,-3.12,66198,31000,-1000.0,PercOILosers,FAR,gainersLosers,,,
JUBLFOOD26MAY26FUT,-3.33,66250,362500,-12500.0,PercOILosers,FAR,gainersLosers,,,
BSE26MAY26FUT,-4.17,66109,103500,-4500.0,PercOILosers,FAR,gainersLosers,,,
MANKIND26MAY26FUT,-4.55,66275,9450,-450.0,PercOILosers,FAR,gainersLosers,,,
DELHIVERY26MAY26FUT,-4.76,66146,41500,-2075.0,PercOILosers,FAR,gainersLosers,,,
MPHASIS26MAY26FUT,-5.45,66296,14300,-825.0,PercOILosers,FAR,gainersLosers,,,
TORNTPHARM26MAY26FUT,-8.33,66394,2750,-250.0,PercOILosers,FAR,gainersLosers,,,
NYKAA26MAY26FUT,-11.76,66314,93750,-12500.0,PercOILosers,FAR,gainersLosers,,,
PETRONET26MAY26FUT,-19.95,66323,587100,-146300.0,PercOILosers,FAR,gainersLosers,,,
SAIL26MAY26FUT,4.69,66357,,,PercPriceGainers,FAR,gainersLosers,153.53,6.88,
OIL26MAY26FUT,1.15,66317,,,PercPriceGainers,FAR,gainersLosers,477.9,5.45,
ONGC26MAY26FUT,0.99,66318,,,PercPriceGainers,FAR,gainersLosers,271.45,2.65,
NHPC26MAY26FUT,0.32,66304,,,PercPriceGainers,FAR,gainersLosers,78.38,0.25,
COALINDIA26MAY26FUT,0.3,66132,,,PercPriceGainers,FAR,gainersLosers,461.9,1.4,
BPCL26MAY26FUT,-4.21,66107,,,PercPriceLosers,FAR,gainersLosers,294.5,-12.95,
BDL26MAY26FUT,-4.22,66099,,,PercPriceLosers,FAR,gainersLosers,1245.0,-54.9,
BAJFINANCE26MAY26FUT,-4.26,66095,,,PercPriceLosers,FAR,gainersLosers,854.45,-38.05,
HINDZINC26MAY26FUT,-4.43,66190,,,PercPriceLosers,FAR,gainersLosers,520.15,-24.1,
LT26MAY26FUT,-4.45,66269,,,PercPriceLosers,FAR,gainersLosers,3481.9,-162.1,
DIXON26MAY26FUT,-4.6,66148,,,PercPriceLosers,FAR,gainersLosers,10215.0,-493.0,
NBCC26MAY26FUT,-4.69,66302,,,PercPriceLosers,FAR,gainersLosers,85.18,-4.19,
HINDPETRO26MAY26FUT,-5.16,66188,,,PercPriceLosers,FAR,gainersLosers,335.35,-18.6,
VOLTAS26MAY26FUT,-5.82,66414,,,PercPriceLosers,FAR,gainersLosers,1311.7,-81.1,
PGEL26MAY26FUT,-6.02,66327,,,PercPriceLosers,FAR,gainersLosers,500.75,-32.05,
ONGC30MAR26FUT,1.17,51997,119281.5,4565.25,Long Built Up,NEAR,OIBuildup,268.7,3.1,
OIL30MAR26FUT,1.0,51996,21719.6,712.6,Long Built Up,NEAR,OIBuildup,476.35,4.7,
JSWENERGY30MAR26FUT,0.46,51948,25654.0,128.0,Long Built Up,NEAR,OIBuildup,511.05,2.35,
COALINDIA30MAR26FUT,0.35,51848,45944.55,2057.4,Long Built Up,NEAR,OIBuildup,457.1,1.6,
NHPC30MAR26FUT,0.22,51987,74003.2,1100.8,Long Built Up,NEAR,OIBuildup,77.44,0.17,
VOLTAS30MAR26FUT,-5.4,52070,10912.88,385.5,Short Built Up,NEAR,OIBuildup,1343.2,-76.6,
PGEL30MAR26FUT,-5.35,52004,13191.7,111.15,Short Built Up,NEAR,OIBuildup,509.55,-28.8,
HINDPETRO30MAR26FUT,-5.25,51901,54351.0,2097.9,Short Built Up,NEAR,OIBuildup,331.85,-18.4,
PETRONET30MAR26FUT,-4.82,52002,26824.2,425.6,Short Built Up,NEAR,OIBuildup,277.65,-14.05,
LT30MAR26FUT,-4.56,51966,15622.6,291.03,Short Built Up,NEAR,OIBuildup,3442.0,-164.3,
BAJFINANCE30MAR26FUT,-4.39,51819,71165.25,722.25,Short Built Up,NEAR,OIBuildup,843.35,-38.75,
HINDZINC30MAR26FUT,-4.29,51903,36506.22,481.43,Short Built Up,NEAR,OIBuildup,514.95,-23.1,
GODREJPROP30MAR26FUT,-4.27,51883,8306.1,70.68,Short Built Up,NEAR,OIBuildup,1573.3,-70.2,
BPCL30MAR26FUT,-4.17,51831,49694.95,863.08,Short Built Up,NEAR,OIBuildup,291.65,-12.7,
ASHOKLEY30MAR26FUT,-4.14,51757,140815.0,885.0,Short Built Up,NEAR,OIBuildup,171.34,-7.4,
SAIL30MAR26FUT,0.29,52026,169834.5,-37.6,Short Covering,NEAR,OIBuildup,154.6,0.45,
HAVELLS30MAR26FUT,-3.25,51886,7957.0,-126.5,Long Unwinding,NEAR,OIBuildup,1299.1,-43.6,
PFC30MAR26FUT,-3.11,52003,52262.6,-96.2,Long Unwinding,NEAR,OIBuildup,415.5,-13.35,
RECLTD30MAR26FUT,-3.05,52021,70669.2,-596.4,Long Unwinding,NEAR,OIBuildup,335.25,-10.55,
JSWSTEEL30MAR26FUT,-3.02,51949,44147.03,-194.4,Long Unwinding,NEAR,OIBuildup,1144.0,-35.6,
UNIONBANK30MAR26FUT,-2.67,52064,83570.55,-53.1,Long Unwinding,NEAR,OIBuildup,173.18,-4.87,
OBEROIRLTY30MAR26FUT,-2.57,51994,7254.8,-15.05,Long Unwinding,NEAR,OIBuildup,1438.0,-37.9,
BAJAJ-AUTO30MAR26FUT,-2.55,51814,3433.2,-5.18,Long Unwinding,NEAR,OIBuildup,9011.5,-236.0,
YESBANK30MAR26FUT,-2.43,52089,948736.6,-1648.3,Long Unwinding,NEAR,OIBuildup,18.49,-0.46,
MUTHOOTFIN30MAR26FUT,-1.97,51982,3229.6,-21.73,Long Unwinding,NEAR,OIBuildup,3363.0,-67.5,
LUPIN30MAR26FUT,-1.87,51969,7029.5,-31.03,Long Unwinding,NEAR,OIBuildup,2265.0,-43.1,
ONGC28APR26FUT,1.18,66960,5568.75,380.25,Long Built Up,NEXT,OIBuildup,270.35,3.15,
OIL28APR26FUT,0.55,66959,2168.6,109.2,Long Built Up,NEXT,OIBuildup,475.75,2.6,
JSWENERGY28APR26FUT,0.37,66873,1532.0,150.0,Long Built Up,NEXT,OIBuildup,513.2,1.9,
COALINDIA28APR26FUT,0.35,66777,6654.15,270.0,Long Built Up,NEXT,OIBuildup,459.9,1.6,
NHPC28APR26FUT,0.12,66909,5625.6,396.8,Long Built Up,NEXT,OIBuildup,77.88,0.09,
PGEL28APR26FUT,-5.78,66967,1425.95,164.35,Short Built Up,NEXT,OIBuildup,503.0,-30.85,
VOLTAS28APR26FUT,-5.69,67041,2650.13,252.75,Short Built Up,NEXT,OIBuildup,1322.1,-79.7,
HINDPETRO28APR26FUT,-5.5,66850,9296.77,1587.6,Short Built Up,NEXT,OIBuildup,332.65,-19.2,
PETRONET28APR26FUT,-4.93,66965,6680.4,435.1,Short Built Up,NEXT,OIBuildup,278.85,-14.45,
LT28APR26FUT,-4.48,66886,2002.88,207.73,Short Built Up,NEXT,OIBuildup,3464.0,-162.4,
HINDZINC28APR26FUT,-4.46,66852,4643.98,492.45,Short Built Up,NEXT,OIBuildup,517.85,-24.15,
BPCL28APR26FUT,-4.46,66733,4019.13,1044.78,Short Built Up,NEXT,OIBuildup,292.5,-13.65,
BAJFINANCE28APR26FUT,-4.4,66721,6708.0,321.75,Short Built Up,NEXT,OIBuildup,848.95,-39.1,
GODREJPROP28APR26FUT,-4.23,66840,517.27,80.03,Short Built Up,NEXT,OIBuildup,1584.0,-70.0,
ASHOKLEY28APR26FUT,-4.17,66712,16470.0,715.0,Short Built Up,NEXT,OIBuildup,170.1,-7.4,
SRF28APR26FUT,-3.38,67015,191.8,-1.0,Long Unwinding,NEXT,OIBuildup,2479.1,-86.6,
TITAN28APR26FUT,-1.88,67028,347.2,-0.18,Long Unwinding,NEXT,OIBuildup,4098.0,-78.5,
SAIL28APR26FUT,-0.39,67005,33553.3,-28.2,Long Unwinding,NEXT,OIBuildup,154.14,-0.6,
ONGC26MAY26FUT,0.99,66318,483.75,13.5,Long Built Up,FAR,OIBuildup,271.45,2.65,
COALINDIA26MAY26FUT,0.3,66132,265.95,14.85,Long Built Up,FAR,OIBuildup,461.9,1.4,
PGEL26MAY26FUT,-6.02,66327,342.95,38.0,Short Built Up,FAR,OIBuildup,500.75,-32.05,
VOLTAS26MAY26FUT,-5.82,66414,120.75,20.25,Short Built Up,FAR,OIBuildup,1311.7,-81.1,
HINDPETRO26MAY26FUT,-5.16,66188,3003.07,64.8,Short Built Up,FAR,OIBuildup,335.35,-18.6,
LT26MAY26FUT,-4.45,66269,291.9,10.15,Short Built Up,FAR,OIBuildup,3481.9,-162.1,
HINDZINC26MAY26FUT,-4.43,66190,851.38,23.28,Short Built Up,FAR,OIBuildup,520.15,-24.1,
BAJFINANCE26MAY26FUT,-4.26,66095,1714.5,80.25,Short Built Up,FAR,OIBuildup,854.45,-38.05,
BPCL26MAY26FUT,-4.21,66107,1224.5,59.25,Short Built Up,FAR,OIBuildup,294.5,-12.95,
AMBUJACEM26MAY26FUT,-4.03,66082,368.55,6.3,Short Built Up,FAR,OIBuildup,429.0,-18.0,
GODREJPROP26MAY26FUT,-3.9,66168,55.0,0.83,Short Built Up,FAR,OIBuildup,1596.2,-64.7,
ASHOKLEY26MAY26FUT,-3.83,66086,1935.0,215.0,Short Built Up,FAR,OIBuildup,169.56,-6.75,
SAIL26MAY26FUT,4.69,66357,549.9,0.0,Short Covering,FAR,OIBuildup,153.53,6.88,
OIL26MAY26FUT,1.15,66317,89.6,-1.4,Short Covering,FAR,OIBuildup,477.9,5.45,
NHPC26MAY26FUT,0.32,66304,403.2,0.0,Short Covering,FAR,OIBuildup,78.38,0.25,
JUBLFOOD26MAY26FUT,-4.13,66250,362.5,-12.5,Long Unwinding,FAR,OIBuildup,441.6,-19.0,
PETRONET26MAY26FUT,-3.95,66323,587.1,-146.3,Long Unwinding,FAR,OIBuildup,279.5,-11.5,
CUMMINSIND26MAY26FUT,-3.78,66139,8.6,-0.2,Long Unwinding,FAR,OIBuildup,4594.0,-180.4,
OBEROIRLTY26MAY26FUT,-3.67,66315,28.0,0.0,Long Unwinding,FAR,OIBuildup,1395.4,-53.2,
EICHERMOT26MAY26FUT,-3.26,66157,18.7,-0.3,Long Unwinding,FAR,OIBuildup,6890.0,-232.0,
OFSS26MAY26FUT,-3.22,66316,12.6,0.0,Long Unwinding,FAR,OIBuildup,6341.5,-211.0,
HAVELLS26MAY26FUT,-3.19,66177,17.5,-0.5,Long Unwinding,FAR,OIBuildup,1316.0,-43.3,
MPHASIS26MAY26FUT,-3.08,66296,14.3,-0.83,Long Unwinding,FAR,OIBuildup,2088.0,-66.3,
RECLTD26MAY26FUT,-3.05,66354,3670.8,-1.4,Long Unwinding,FAR,OIBuildup,338.3,-10.65,
INDIANB26MAY26FUT,-2.9,66198,31.0,-1.0,Long Unwinding,FAR,OIBuildup,872.0,-26.0,
330MAR2630MAR26FUT,,,,,PCR Volume,N/A,putCallRatio,,,0.82
ABB30MAR26FUT,,,,,PCR Volume,N/A,putCallRatio,,,0.92
ABCAPITAL30MAR26FUT,,,,,PCR Volume,N/A,putCallRatio,,,0.37
ADANIENSOL30MAR26FUT,,,,,PCR Volume,N/A,putCallRatio,,,0.7
ADANIENT30MAR26FUT,,,,,PCR Volume,N/A,putCallRatio,,,0.53
ADANIGREEN30MAR26FUT,,,,,PCR Volume,N/A,putCallRatio,,,0.94
ADANIPORTS30MAR26FUT,,,,,PCR Volume,N/A,putCallRatio,,,0.95
ALKEM30MAR26FUT,,,,,PCR Volume,N/A,putCallRatio,,,0.68
AMBER30MAR26FUT,,,,,PCR Volume,N/A,putCallRatio,,,0.79
AMBUJACEM30MAR26FUT,,,,,PCR Volume,N/A,putCallRatio,,,0.7
ANGELONE30MAR26FUT,,,,,PCR Volume,N/A,putCallRatio,,,0.72
APLAPOLLO30MAR26FUT,,,,,PCR Volume,N/A,putCallRatio,,,0.34
APOLLOHOSP30MAR26FUT,,,,,PCR Volume,N/A,putCallRatio,,,0.8
ASHOKLEY30MAR26FUT,,,,,PCR Volume,N/A,putCallRatio,,,0.47
ASIANPAINT30MAR26FUT,,,,,PCR Volume,N/A,putCallRatio,,,0.95
ASTRAL30MAR26FUT,,,,,PCR Volume,N/A,putCallRatio,,,0.65
AUBANK30MAR26FUT,,,,,PCR Volume,N/A,putCallRatio,,,1.25
AUROPHARMA30MAR26FUT,,,,,PCR Volume,N/A,putCallRatio,,,1.03
AXISBANK30MAR26FUT,,,,,PCR Volume,N/A,putCallRatio,,,0.59
BAJAJ-AUTO30MAR26FUT,,,,,PCR Volume,N/A,putCallRatio,,,0.67
BAJAJFINSV30MAR26FUT,,,,,PCR Volume,N/A,putCallRatio,,,0.63
BAJAJHLDNG30MAR26FUT,,,,,PCR Volume,N/A,putCallRatio,,,0.5
BAJFINANCE30MAR26FUT,,,,,PCR Volume,N/A,putCallRatio,,,0.72
BANDHANBNK30MAR26FUT,,,,,PCR Volume,N/A,putCallRatio,,,0.46
BANKBARODA30MAR26FUT,,,,,PCR Volume,N/A,putCallRatio,,,0.44
BANKINDIA30MAR26FUT,,,,,PCR Volume,N/A,putCallRatio,,,0.3
BANKNIFTY30MAR26FUT,,,,,PCR Volume,N/A,putCallRatio,,,0.85
BDL30MAR26FUT,,,,,PCR Volume,N/A,putCallRatio,,,0.91
BEL30MAR26FUT,,,,,PCR Volume,N/A,putCallRatio,,,0.52
BHARATFORG30MAR26FUT,,,,,PCR Volume,N/A,putCallRatio,,,0.68
BHARTIARTL30MAR26FUT,,,,,PCR Volume,N/A,putCallRatio,,,0.61
BHEL30MAR26FUT,,,,,PCR Volume,N/A,putCallRatio,,,0.49
BIOCON30MAR26FUT,,,,,PCR Volume,N/A,putCallRatio,,,0.35
BLUESTARCO30MAR26FUT,,,,,PCR Volume,N/A,putCallRatio,,,0.51
BOSCHLTD30MAR26FUT,,,,,PCR Volume,N/A,putCallRatio,,,0.36
BPCL30MAR26FUT,,,,,PCR Volume,N/A,putCallRatio,,,1.08
BRITANNIA30MAR26FUT,,,,,PCR Volume,N/A,putCallRatio,,,0.93
BSE30MAR26FUT,,,,,PCR Volume,N/A,putCallRatio,,,1.11
CAMS30MAR26FUT,,,,,PCR Volume,N/A,putCallRatio,,,0.52
CANBK30MAR26FUT,,,,,PCR Volume,N/A,putCallRatio,,,0.66
CDSL30MAR26FUT,,,,,PCR Volume,N/A,putCallRatio,,,0.5
CGPOWER30MAR26FUT,,,,,PCR Volume,N/A,putCallRatio,,,0.31
CHOLAFIN30MAR26FUT,,,,,PCR Volume,N/A,putCallRatio,,,0.61
CIPLA30MAR26FUT,,,,,PCR Volume,N/A,putCallRatio,,,0.61
COALINDIA30MAR26FUT,,,,,PCR Volume,N/A,putCallRatio,,,0.35
COFORGE30MAR26FUT,,,,,PCR Volume,N/A,putCallRatio,,,1.07
COLPAL30MAR26FUT,,,,,PCR Volume,N/A,putCallRatio,,,0.26
CONCOR30MAR26FUT,,,,,PCR Volume,N/A,putCallRatio,,,0.49
CROMPTON30MAR26FUT,,,,,PCR Volume,N/A,putCallRatio,,,0.29
CUMMINSIND30MAR26FUT,,,,,PCR Volume,N/A,putCallRatio,,,0.59
DABUR30MAR26FUT,,,,,PCR Volume,N/A,putCallRatio,,,0.67
DALBHARAT30MAR26FUT,,,,,PCR Volume,N/A,putCallRatio,,,0.4
DELHIVERY30MAR26FUT,,,,,PCR Volume,N/A,putCallRatio,,,0.88
DIVISLAB30MAR26FUT,,,,,PCR Volume,N/A,putCallRatio,,,0.81
DIXON30MAR26FUT,,,,,PCR Volume,N/A,putCallRatio,,,0.63
DLF30MAR26FUT,,,,,PCR Volume,N/A,putCallRatio,,,0.75
DMART30MAR26FUT,,,,,PCR Volume,N/A,putCallRatio,,,0.46
DRREDDY30MAR26FUT,,,,,PCR Volume,N/A,putCallRatio,,,0.29
EICHERMOT30MAR26FUT,,,,,PCR Volume,N/A,putCallRatio,,,0.52
ETERNAL30MAR26FUT,,,,,PCR Volume,N/A,putCallRatio,,,1.08
EXIDEIND30MAR26FUT,,,,,PCR Volume,N/A,putCallRatio,,,0.66
FEDERALBNK30MAR26FUT,,,,,PCR Volume,N/A,putCallRatio,,,0.64
FINNIFTY30MAR26FUT,,,,,PCR Volume,N/A,putCallRatio,,,0.66
FORTIS30MAR26FUT,,,,,PCR Volume,N/A,putCallRatio,,,1.35
GAIL30MAR26FUT,,,,,PCR Volume,N/A,putCallRatio,,,0.58
GLENMARK30MAR26FUT,,,,,PCR Volume,N/A,putCallRatio,,,0.47
GMRAIRPORT30MAR26FUT,,,,,PCR Volume,N/A,putCallRatio,,,0.45
GODREJCP30MAR26FUT,,,,,PCR Volume,N/A,putCallRatio,,,0.66
GODREJPROP30MAR26FUT,,,,,PCR Volume,N/A,putCallRatio,,,0.75
GRASIM30MAR26FUT,,,,,PCR Volume,N/A,putCallRatio,,,1.14
HAL30MAR26FUT,,,,,PCR Volume,N/A,putCallRatio,,,0.47
HAVELLS30MAR26FUT,,,,,PCR Volume,N/A,putCallRatio,,,0.38
HCLTECH30MAR26FUT,,,,,PCR Volume,N/A,putCallRatio,,,0.71
HDFCAMC30MAR26FUT,,,,,PCR Volume,N/A,putCallRatio,,,0.73
HDFCBANK30MAR26FUT,,,,,PCR Volume,N/A,putCallRatio,,,0.79
HDFCLIFE30MAR26FUT,,,,,PCR Volume,N/A,putCallRatio,,,0.56
HEROMOTOCO30MAR26FUT,,,,,PCR Volume,N/A,putCallRatio,,,1.02
HINDALCO30MAR26FUT,,,,,PCR Volume,N/A,putCallRatio,,,0.83
HINDPETRO30MAR26FUT,,,,,PCR Volume,N/A,putCallRatio,,,1.02
HINDUNILVR30MAR26FUT,,,,,PCR Volume,N/A,putCallRatio,,,0.55
HINDZINC30MAR26FUT,,,,,PCR Volume,N/A,putCallRatio,,,0.95
HUDCO30MAR26FUT,,,,,PCR Volume,N/A,putCallRatio,,,0.47
ICICIBANK30MAR26FUT,,,,,PCR Volume,N/A,putCallRatio,,,0.5
ICICIGI30MAR26FUT,,,,,PCR Volume,N/A,putCallRatio,,,0.63
ICICIPRULI30MAR26FUT,,,,,PCR Volume,N/A,putCallRatio,,,1.14
IDEA30MAR26FUT,,,,,PCR Volume,N/A,putCallRatio,,,0.36
IDFCFIRSTB30MAR26FUT,,,,,PCR Volume,N/A,putCallRatio,,,0.52
IEX30MAR26FUT,,,,,PCR Volume,N/A,putCallRatio,,,0.45
INDHOTEL30MAR26FUT,,,,,PCR Volume,N/A,putCallRatio,,,0.62
INDIANB30MAR26FUT,,,,,PCR Volume,N/A,putCallRatio,,,0.51
INDIGO30MAR26FUT,,,,,PCR Volume,N/A,putCallRatio,,,0.88
INDUSINDBK30MAR26FUT,,,,,PCR Volume,N/A,putCallRatio,,,0.83
INDUSTOWER30MAR26FUT,,,,,PCR Volume,N/A,putCallRatio,,,0.42
INFY30MAR26FUT,,,,,PCR Volume,N/A,putCallRatio,,,0.57
INOXWIND30MAR26FUT,,,,,PCR Volume,N/A,putCallRatio,,,0.43
IOC30MAR26FUT,,,,,PCR Volume,N/A,putCallRatio,,,1.02
IREDA30MAR26FUT,,,,,PCR Volume,N/A,putCallRatio,,,0.24
IRFC30MAR26FUT,,,,,PCR Volume,N/A,putCallRatio,,,0.21
ITC30MAR26FUT,,,,,PCR Volume,N/A,putCallRatio,,,0.33
JINDALSTEL30MAR26FUT,,,,,PCR Volume,N/A,putCallRatio,,,0.84
JIOFIN30MAR26FUT,,,,,PCR Volume,N/A,putCallRatio,,,0.51
JSWENERGY30MAR26FUT,,,,,PCR Volume,N/A,putCallRatio,,,0.34
JSWSTEEL30MAR26FUT,,,,,PCR Volume,N/A,putCallRatio,,,0.95
JUBLFOOD30MAR26FUT,,,,,PCR Volume,N/A,putCallRatio,,,0.89
KALYANKJIL30MAR26FUT,,,,,PCR Volume,N/A,putCallRatio,,,0.7
KAYNES30MAR26FUT,,,,,PCR Volume,N/A,putCallRatio,,,0.68
KEI30MAR26FUT,,,,,PCR Volume,N/A,putCallRatio,,,0.44
KFINTECH30MAR26FUT,,,,,PCR Volume,N/A,putCallRatio,,,0.54
KOTAKBANK30MAR26FUT,,,,,PCR Volume,N/A,putCallRatio,,,0.7
KPITTECH30MAR26FUT,,,,,PCR Volume,N/A,putCallRatio,,,0.59
LAURUSLABS30MAR26FUT,,,,,PCR Volume,N/A,putCallRatio,,,0.58
LICHSGFIN30MAR26FUT,,,,,PCR Volume,N/A,putCallRatio,,,0.82
LICI30MAR26FUT,,,,,PCR Volume,N/A,putCallRatio,,,0.32
LODHA30MAR26FUT,,,,,PCR Volume,N/A,putCallRatio,,,0.59
LT30MAR26FUT,,,,,PCR Volume,N/A,putCallRatio,,,0.57
LTF30MAR26FUT,,,,,PCR Volume,N/A,putCallRatio,,,0.49
LTM30MAR26FUT,,,,,PCR Volume,N/A,putCallRatio,,,0.73
LUPIN30MAR26FUT,,,,,PCR Volume,N/A,putCallRatio,,,0.63
M&M30MAR26FUT,,,,,PCR Volume,N/A,putCallRatio,,,0.82
MANAPPURAM30MAR26FUT,,,,,PCR Volume,N/A,putCallRatio,,,0.35
MANKIND30MAR26FUT,,,,,PCR Volume,N/A,putCallRatio,,,0.81
MARICO30MAR26FUT,,,,,PCR Volume,N/A,putCallRatio,,,0.59
MARUTI30MAR26FUT,,,,,PCR Volume,N/A,putCallRatio,,,0.53
MAXHEALTH30MAR26FUT,,,,,PCR Volume,N/A,putCallRatio,,,0.68
MAZDOCK30MAR26FUT,,,,,PCR Volume,N/A,putCallRatio,,,0.4
MCX30MAR26FUT,,,,,PCR Volume,N/A,putCallRatio,,,0.69
MFSL30MAR26FUT,,,,,PCR Volume,N/A,putCallRatio,,,0.85
MIDCPNIFTY30MAR26FUT,,,,,PCR Volume,N/A,putCallRatio,,,0.88
MOTHERSON30MAR26FUT,,,,,PCR Volume,N/A,putCallRatio,,,0.62
MPHASIS30MAR26FUT,,,,,PCR Volume,N/A,putCallRatio,,,0.39
MUTHOOTFIN30MAR26FUT,,,,,PCR Volume,N/A,putCallRatio,,,0.98
NATIONALUM30MAR26FUT,,,,,PCR Volume,N/A,putCallRatio,,,0.52
NAUKRI30MAR26FUT,,,,,PCR Volume,N/A,putCallRatio,,,0.36
NBCC30MAR26FUT,,,,,PCR Volume,N/A,putCallRatio,,,0.55
NESTLEIND30MAR26FUT,,,,,PCR Volume,N/A,putCallRatio,,,0.78
NHPC30MAR26FUT,,,,,PCR Volume,N/A,putCallRatio,,,0.31
NIFTY30MAR26FUT,,,,,PCR Volume,N/A,putCallRatio,,,1.07
NIFTYNXT5030MAR26FUT,,,,,PCR Volume,N/A,putCallRatio,,,0.95
NMDC30MAR26FUT,,,,,PCR Volume,N/A,putCallRatio,,,0.38
NTPC30MAR26FUT,,,,,PCR Volume,N/A,putCallRatio,,,0.33
NUVAMA30MAR26FUT,,,,,PCR Volume,N/A,putCallRatio,,,0.21
NYKAA30MAR26FUT,,,,,PCR Volume,N/A,putCallRatio,,,0.24
OBEROIRLTY30MAR26FUT,,,,,PCR Volume,N/A,putCallRatio,,,2.48
OFSS30MAR26FUT,,,,,PCR Volume,N/A,putCallRatio,,,0.61
OIL30MAR26FUT,,,,,PCR Volume,N/A,putCallRatio,,,0.24
ONGC30MAR26FUT,,,,,PCR Volume,N/A,putCallRatio,,,0.26
PAGEIND30MAR26FUT,,,,,PCR Volume,N/A,putCallRatio,,,1.93
PATANJALI30MAR26FUT,,,,,PCR Volume,N/A,putCallRatio,,,0.76
PAYTM30MAR26FUT,,,,,PCR Volume,N/A,putCallRatio,,,0.78
PERSISTENT30MAR26FUT,,,,,PCR Volume,N/A,putCallRatio,,,0.65
PETRONET30MAR26FUT,,,,,PCR Volume,N/A,putCallRatio,,,1.26
PFC30MAR26FUT,,,,,PCR Volume,N/A,putCallRatio,,,0.61
PGEL30MAR26FUT,,,,,PCR Volume,N/A,putCallRatio,,,0.9
PHOENIXLTD30MAR26FUT,,,,,PCR Volume,N/A,putCallRatio,,,0.85
PIDILITIND30MAR26FUT,,,,,PCR Volume,N/A,putCallRatio,,,0.68
PIIND30MAR26FUT,,,,,PCR Volume,N/A,putCallRatio,,,0.29
PNB30MAR26FUT,,,,,PCR Volume,N/A,putCallRatio,,,0.63
PNBHOUSING30MAR26FUT,,,,,PCR Volume,N/A,putCallRatio,,,0.57
POLICYBZR30MAR26FUT,,,,,PCR Volume,N/A,putCallRatio,,,0.52
POLYCAB30MAR26FUT,,,,,PCR Volume,N/A,putCallRatio,,,0.75
POWERGRID30MAR26FUT,,,,,PCR Volume,N/A,putCallRatio,,,0.36
POWERINDIA30MAR26FUT,,,,,PCR Volume,N/A,putCallRatio,,,0.37
PPLPHARMA30MAR26FUT,,,,,PCR Volume,N/A,putCallRatio,,,0.27
PREMIERENE30MAR26FUT,,,,,PCR Volume,N/A,putCallRatio,,,0.44
PRESTIGE30MAR26FUT,,,,,PCR Volume,N/A,putCallRatio,,,1.61
RBLBANK30MAR26FUT,,,,,PCR Volume,N/A,putCallRatio,,,0.54
RECLTD30MAR26FUT,,,,,PCR Volume,N/A,putCallRatio,,,0.57
RELIANCE30MAR26FUT,,,,,PCR Volume,N/A,putCallRatio,,,0.54
RVNL30MAR26FUT,,,,,PCR Volume,N/A,putCallRatio,,,0.26
SAIL30MAR26FUT,,,,,PCR Volume,N/A,putCallRatio,,,0.11
SAMMAANCAP30MAR26FUT,,,,,PCR Volume,N/A,putCallRatio,,,0.0
SBICARD30MAR26FUT,,,,,PCR Volume,N/A,putCallRatio,,,0.58
SBILIFE30MAR26FUT,,,,,PCR Volume,N/A,putCallRatio,,,0.77
SBIN30MAR26FUT,,,,,PCR Volume,N/A,putCallRatio,,,0.55
SHREECEM30MAR26FUT,,,,,PCR Volume,N/A,putCallRatio,,,0.55
SHRIRAMFIN30MAR26FUT,,,,,PCR Volume,N/A,putCallRatio,,,0.78
SIEMENS30MAR26FUT,,,,,PCR Volume,N/A,putCallRatio,,,0.52
SOLARINDS30MAR26FUT,,,,,PCR Volume,N/A,putCallRatio,,,0.34
SONACOMS30MAR26FUT,,,,,PCR Volume,N/A,putCallRatio,,,0.78
SRF30MAR26FUT,,,,,PCR Volume,N/A,putCallRatio,,,0.67
SUNPHARMA30MAR26FUT,,,,,PCR Volume,N/A,putCallRatio,,,0.66
SUPREMEIND30MAR26FUT,,,,,PCR Volume,N/A,putCallRatio,,,0.8
SUZLON30MAR26FUT,,,,,PCR Volume,N/A,putCallRatio,,,0.56
SWIGGY30MAR26FUT,,,,,PCR Volume,N/A,putCallRatio,,,0.92
SYNGENE30MAR26FUT,,,,,PCR Volume,N/A,putCallRatio,,,0.46
TATACONSUM30MAR26FUT,,,,,PCR Volume,N/A,putCallRatio,,,0.93
TATAELXSI30MAR26FUT,,,,,PCR Volume,N/A,putCallRatio,,,0.52
TATAPOWER30MAR26FUT,,,,,PCR Volume,N/A,putCallRatio,,,0.33
TATASTEEL30MAR26FUT,,,,,PCR Volume,N/A,putCallRatio,,,0.65
TATATECH30MAR26FUT,,,,,PCR Volume,N/A,putCallRatio,,,0.98
TCS30MAR26FUT,,,,,PCR Volume,N/A,putCallRatio,,,0.64
TECHM30MAR26FUT,,,,,PCR Volume,N/A,putCallRatio,,,0.8
TIINDIA30MAR26FUT,,,,,PCR Volume,N/A,putCallRatio,,,0.27
TITAN30MAR26FUT,,,,,PCR Volume,N/A,putCallRatio,,,0.67
TMPV30MAR26FUT,,,,,PCR Volume,N/A,putCallRatio,,,0.65
TORNTPHARM30MAR26FUT,,,,,PCR Volume,N/A,putCallRatio,,,0.43
TORNTPOWER30MAR26FUT,,,,,PCR Volume,N/A,putCallRatio,,,0.21
TRENT30MAR26FUT,,,,,PCR Volume,N/A,putCallRatio,,,0.51
TVSMOTOR30MAR26FUT,,,,,PCR Volume,N/A,putCallRatio,,,0.69
ULTRACEMCO30MAR26FUT,,,,,PCR Volume,N/A,putCallRatio,,,1.11
UNIONBANK30MAR26FUT,,,,,PCR Volume,N/A,putCallRatio,,,0.5
UNITDSPR30MAR26FUT,,,,,PCR Volume,N/A,putCallRatio,,,0.42
UNOMINDA30MAR26FUT,,,,,PCR Volume,N/A,putCallRatio,,,0.71
UPL30MAR26FUT,,,,,PCR Volume,N/A,putCallRatio,,,0.42
VBL30MAR26FUT,,,,,PCR Volume,N/A,putCallRatio,,,0.5
VEDL30MAR26FUT,,,,,PCR Volume,N/A,putCallRatio,,,0.52
VOLTAS30MAR26FUT,,,,,PCR Volume,N/A,putCallRatio,,,0.52
WAAREEENER30MAR26FUT,,,,,PCR Volume,N/A,putCallRatio,,,0.46
WIPRO30MAR26FUT,,,,,PCR Volume,N/A,putCallRatio,,,0.43
YESBANK30MAR26FUT,,,,,PCR Volume,N/A,putCallRatio,,,0.7
ZYDUSLIFE30MAR26FUT,,,,,PCR Volume,N/A,putCallRatio,,,0.32
